,external_name,master_name
71932,Dedicated GmbH Globalfixed Income Fund I,Dedicated Global Fixed Income Fund I
95184,MELOD ERO LIMITED,MELODERO LIMITED
26877,"334m. Street GmbH, LLC","Dewberry 334 Meeting Street, LLC"
5703,FIBmER. SICAV - S.R.L.,FIBERNET - S.R.L.
58271,Mercedes-Benz Leasing GmbH Capital,Mercedes-Benz Leasing GmbH
32177,Rozel Trustees (Channel Islands) as of ttB Mackay Trust,Rozel Trustees (Channel Islands) as trustee of the Bruce David Mackay Trust
32342,Byron Alpha Funds Plc- K&B Global Total Return Fund,Byron Alpha Funds Plc- K&B Global Total Return Fund
62266,SB  INCARTA gSRL,S.B. INCARTA SRL
11226,MS LLC,Morgan Stanley Amanu LLC
42610,Fuel Corp oration,Parkland Fuel Corporation
16163,COMPANY Holdings COLL. MANAGEMENT ESTATE,REAL ESTATE COLLATERAL MANAGEMENT COMPANY
77216,DEMETRA RESOURCES LTD,DEMETRA RESOURCES LTD
53304,LMS -S.R.L. LAVO. METALLICHE E,L.M.S.-S.R.L. LAVORAZIONE METALLICHE E STAMPAGGI.
73017,VR Bank,Valley Republic Bank
83819,Spark asse Baden,Sparkasse Baden
84182,"AIF SICAV, SA","ALCO INVERSIONES FINANCIERAS SICAV, S.A."
79468,SPEDR. Capital Sp. z oo,SPEDRAPID Sp. z o.o.
60251,"2425 Funds est Loop, LP","2425 West Loop, LP"
40207,Dynamic Ingr. Europe B.V.,Dynamic Ingredients Europe B.V.
96326,RMAC2003-NS4 PLC,RMAC 2003-NS4 PLC
38136,Kings Peak LLC,"Kings Peak Energy, LLC"
55960,Asscoiates Youngson & David Limited,David Youngson & Asscoiates Limited
88531,Flair Enterprisesinc LIMITED.,Flair Enterprises Inc.
91045,COMUN IDAD DE DE CIVAN,COMUNIDAD DE REGANTES DE CIVAN
58369,MORPH Ylimited RICHARDS Trust,MORPHY RICHARDS LIMITED
25672,D P F,D P F
58771,Helvetia Packa. AG,Helvetia Packaging AG
41513,DH Clough's Settlement Discretionary 2005,D H Clough's 2005 Discretionary Settlement
5775,"Victoire Holdnigs, s.r.o.","Victoire, s.r.o."
73382,DIGITAL CRN SL,DIGITAL CRAN SL
67547,C.L. KJÆR. pS Limited,C.L. KJÆRGAARD ApS
68731,EDILKAMIN INTERNATIONAL KERESKEDELMI KORLÁTOLT FELELŐSSÉGŰ TÁRSASÁG,EDILKAMIN INTERNATIONAL KERESKEDELMI KORLÁTOLT FELELŐSSÉGŰ TÁRSASÁG
11143,Media Prak Steinfurt oHG,Media Park Steinfurt oHG
62902,"Roebling Nestegg Investments, LLC","Roebling Nestegg Investments, LLC"
55699,Renten Europa Strategie (DWS GmbH),DWS Europa Strategie (Renten)
37939,AIFL FUND,"Accelerated International Forwarders, LLC"
62748,Easwdilsecured LLC,Eastdil Secured LLC
94453,Maimnternet BV,Mainternet B.V.
49275,BNP PARIBAS PROTECT - INDEX SUSTAINABLE 1,BNP PARIBAS PROTECT - INDEX SUSTAINABLE 1
93880,DL  MEDICA SRL IN LIQUDIAZIONE,D.L. MEDICA S.R.L.IN LIQUIDAZIONE
13359,MIS LIMITED Ltd,MIDLAND INDEPENDENT FINANCIAL SERVICES LIMITED
27057,LA CMOPAGNIE KEPLER FUND FINANCIERE,LA COMPAGNIE FINANCIERE KEPLER
10313,PTI Company,Partner Technologies Incorporated
54497,Tragenco pAS,Tragenco ApS
80135,Zwanenberg Foodgroup (USA) eInc LLC.,Zwanenberg Food Group (USA) Inc.
51052,Greater Orlando Ltd Avia. Authority,Greater Orlando Aviation Authority
39812,8401 Michigan Road LLC,8401 Michigan Road LLC
50919,CREE,CREE
5893,Multi Inve stment Global Managertrust - PIMCO Cayman Loan LIBOR Plus Fund JPY Hedge Series 3,Multi Manager Global Investment Trust - PIMCO Cayman Loan LIBOR Plus Fund JPY Hedge Series 3
4284,L.T. SACHS,L.T. SACHS
28703,Heim. i Skåne Holding AB,Heimstaden i Skåne AB
84291,C.Olsen Trading Sp z o.o,C.Olsen Trading Sp z o.o
12208,"Tecklenborg, Kegel.","Tecklenborg, Kegel GmbH"
93833,The Eagle Tax-Exempt Trust Series 20140052,The Eagle Tax-Exempt Trust Series 20140052
16954,PREMIER Limited ML,PREMIER AFRICAN MINERALS LIMITED
95978,INDU. S.P.A. IN BREVEpentax S.P.A.,PENTAX INDUSTRIES S.P.A. IN BREVE PENTAX S.P.A.
66142,SCOTTISH WIDOWS TRACKER AND SPECIALIST INVESTMENT FUNDS ICVC - MARKETS FUND,SCOTTISH WIDOWS TRACKER AND SPECIALIST INVESTMENT FUNDS ICVC - EMERGING MARKETS FUND
71310,Makefield Oil Company,Makefield Oil Company
15888,GARKO Cipőkereskedelmi Szolgáltató Társaság Felelősségű Korlátolt,GARKO Cipőkereskedelmi Szolgáltató Korlátolt Felelősségű Társaság
18761,Keith Nielsen,Keith Nielsen
55965,"First Quadrant SB I, LP","First Quadrant SB I, LP"
47212,TC Limited,Travco Corporation Limited
16926,"Exeter 8 Lee, L.P.","Exeter 8 Lee, L.P."
10125,"Sweetregency Properties, L.P.","Sweet Regency Properties, L.P."
37298,DGB SRL,DGB S.R.L.
27826,Nedschroef Heren tals NV,Nedschroef Herentals NV
79269,BM Invest Investment Aktiebolag,BM Invest Aktiebolag
34218,Omnig xst SPRL,Omnigest SPRL
36123,ALEX DS LIMITED,ALEX DICKSON & SONS LIMITED
60677,Michael E. Koryb alski,Michael E. Korybalski
53183,HCIaircraft One GsbH LLC & Co. KG,HCI Aircraft One GmbH & Co. KG
82255,N2 Ingredients Inc.,N2 Ingredients Inc.
83533,THE A HOLL IDAY ESQ DISCRETIONARY SETTLMNT 2008,THE A HOLLIDAY ESQ DISCRETIONARY SETTLMNT 2008
37345,Meridian MFSfunds - GE Fund,MFS Meridian Funds - Global Energy Fund
28689,"Mráz Agro CZ, sro","Mráz Agro CZ, s.r.o."
47309,"DOLARhaorro EUROVALOR, FI","EUROVALOR AHORRO DOLAR, FI"
94624,Renault Mtoors,Renault Motors
29079,GA.VO. MECCA NICA S.R.L.,GA.VO. MECCANICA S.R.L.
37855,ILPA PASOTTI LEGNO Holdi ngs INfDUSTRIA SRL,ILPA INDUSTRIA LEGNO PASOTTI S.R.L.
70149,SPEKTRA Schwingungstechnikund GmybH Dresden,SPEKTRA Schwingungstechnik und Akustik GmbH Dresden
42374,EUROBANK FhUND MC (LUXEMBOURG International) S.A.,EUROBANK FUND MANAGEMENT COMPANY (LUXEMBOURG) S.A.
6716,KBC NV - Timing Asian Oppor. 1,KBC Participation NV - Timing Asian Opportunity USD 1
7156,Stadt Equity Glinde,Stadt Glinde
19192,ISLA GOLF S.L.,ISLAGOLF S.L.
80429,"Arkaoak Ridge Way, LLC","Arka Oak Ridge Way, LLC"
47023,Inarin LIMITED kunta,Inarin kunta
2346,LEARdA a.s.,LEARKA a.s.
58189,"RL Asso., LP","Lewis Road Associates, LP"
8163,"Torb enskjødt, Viborg ApS","Torben Skjødt, Viborg ApS"
81543,MS - Van Euck Global Natural Resources Portfolio,Metropolitan Series Fund - Van Eck Global Natural Resources Portfolio
59116,Skyd eutschland GmbH,Sky Deutschland GmbH
90591,DESIGNATED INSURANCE MBDA ACTIV ITY Funds COMPANY,MBDA INSURANCE DESIGNATED ACTIVITY COMPANY
24781,"SAINT-GOBAIN CERAMCS & PLASTICS,","SAINT-GOBAIN CERAMICS & PLASTICS, INC."
81949,Plasma Limited,Plasma Limited
77112,M. van de Wouw Fund Beheer B.V.,M. van de Wouw Beheer B.V.
87329,"CGI Finance, Inc.","CGI Finance, Inc."
83559,"SRE-OW 100 Broadway Mezz, LLC","SRE-OW 100 Broadway Mezz, LLC"
41784,"WI LLChospitality FUND, Voor hees","WI Voorhees Hospitality, LLC"
99944,ARCO. 2011 Equity S.R.L.,ARCOBALENO 2011 S.R.L.
69032,"Engaged Capital Master Inter national yFeeder I, LP","Engaged Capital Master Feeder I, LP"
92325,UBS ETF - MSCI Cana da100% UCITS to SGD Hedged ETF,UBS ETF - MSCI Canada 100% Hedged to SGD UCITS ETF
27912,"Oaktree EF IV, Lktd.","Oaktree European Principal Fund IV, Ltd."
72768,Rolf Stiftung,Rolf Maciejewski Stiftung
85484,"FUTU RESPAÑA TESORERIA I, F.P.","FUTURESPAÑA TESORERIA I, F.P."
13834,EURL PRIAM DG 3,EURL PRIAM DG 3
75737,GoodMillsösterreich GmbH Funds,GoodMills Österreich GmbH
29315,ABTW,ABRAHAM BANKS WILL TRUST
46497,Spółka z ogran. odpowiedzialnością Sp.k.,MARBOPUR Spółka z ograniczoną odpowiedzialnością Sp.k.
42460,VP Andělka sro,VP Andělka s.r.o.
14039,"Adaptivemedias, Inc Equity.","Adaptive Medias, Inc."
18114,LDB,BSV Dekalb LLC
48959,Schwarz Grundstücksverwaltungsgesellschaft Rechts bürg.,Schwarz Grundstücksverwaltungsgesellschaft bürgerlichen Rechts
14427,LEGAL & GENERALglobal INFLATION LINKED BOND INDEX FUND,LEGAL & GENERAL GLOBAL INFLATION LINKED BOND INDEX FUND
85029,IABÖ Global Global Holding AB,IABÖ Global Holding AB
17375,Earnest Funding 4 LLC,Earnest Funding 4 LLC
26999,GH 2012-2 LIMITED,GOSFORTH HOLDINGS 2012-2 LIMITED
11222,Aargauische Kanto nalbank,Aargauische Kantonalbank
76887,SUPAIR - VLD,SUPAIR - VLD
15187,Schü.-tiftung,Schünemann-Stiftung
45253,Verein Deutscher Text ilveredlungsfachleute (VDTF Equity),Verein Deutscher Textilveredlungsfachleute (VDTF)
44467,db x-track ers - MSCI EM Consumer Index UCITS ETF,db x-trackers - MSCI EM Consumer Staples Index UCITS ETF
81443,Bull Jr. AS,Bull Jr. AS
54190,MONEY SWAP PsC,MONEYSWAP PLC
97087,J.J. vjn Woerkom Inves. B.V.,J.J. van Woerkom B.V.
73007,Ipsen FUND Re,Ipsen Re
35118,Gospo darstworolne Raszewy Spółka z o.o.,Gospodarstwo Rolne Raszewy Spółka z o.o.
7361,CSTF CSTF Global Bala.,Fidelity Charles Street Trust - Fidelity Global Balanced Fund
85121,SOCIETA' GENE RALE FINANZIARIA CAMPANA - GE.FIN.CAM. S.R.L.,SOCIETA' GENERALE FINANZIARIA CAMPANA - GE.FIN.CAM. S.R.L.
61794,BZ PULSES,BZ PULSES
46716,Inverom Corpo.,Inverom Corporation
58889,HI-DT-Invest Fonds 1-Maste.,HI-DT-Invest Masterfonds 1-Fonds
10336,Aache. GbmH Bank eG,Aachener Bank eG
40971,Fred. I ApS,Fredensborg Finans I ApS
33405,TICH,TICH
99679,Equity Special FLFs LLC S.A.SICAV-US FLF,VTWM Special Funds S.A.SICAV-FIS - US Leaders Equity Fund
32886,Nutr. Inc.,Nutriart Inc.
12944,Ahjo Solu. Oy,Ahjo Solutions Oy
72019,"CAIXABANK BOLSA USA DIVISA CUBIE RTA, FI","CAIXABANK BOLSA USA DIVISA CUBIERTA, FI"
95157,2Z2D,Deka-ZielGarant 2026-2029
8252,ITALP RESS SRL,ITALPRESS S.R.L.
33473,Moutala kommun,Motala kommun
90497,"T. Rowe Price Reserve Investment Funds SICAV, Inc. - T. Rowe Price Short-Term Fund","T. Rowe Price Reserve Investment Funds, Inc. - T. Rowe Price Short-Term Fund"
1665,Man Style Selection SPC - Class ISI55 Manmanaged Futures Stra tegies (CHF) Shares,Man Style Selection SPC - Class ISI55 Man Managed Futures Strategies (CHF) Shares
33695,KALL.,KALLISTEA
45211,Gottlob Capital Stahlgbh Wäschereimaschinenbau,Gottlob Stahl Wäschereimaschinenbau GmbH
53720,Nils Fund Ellerström,Nils Ellerström
34069,"indiGO Houston 13921 North Freeway, LLC","indiGO Houston 13921 North Freeway, LLC"
6639,LcANZI S.R.L.,LANZI S.R.L.
70120,Die oVrsorge Ster. der Werksangehörigen der Degussa Aktiengesellschaft VVaG,Die Vorsorge Sterbekasse der Werksangehörigen der Degussa Aktiengesellschaft VVaG
65101,Rampej Fastighet AB,Rampej Fastighet AB
26680,West orplant BVBA,Westroplant BVBA
24432,Wings Fractal Equity Ltmited,Fractal Wings Limited
57452,Mercer QIF TRUST MF Public Limited Company - Mercer Flexible LDI £ Inflation Enhanced MF 2,Mercer QIF Fund Public Limited Company - Mercer Flexible LDI £ Inflation Enhanced Matching Fund 2
90579,K&H fellendülő Európa International tőkevédett szár. alap,K&H fellendülő Európa tőkevédett származtatott zártvégű alap
37978,"Stweart Villas, LLC","Stewart Villas, LLC"
36336,A GEE 1965 SETTLEMENT,A GEE 1965 SETTLEMENT
41004,DELIAN ALPHA LIMITED,DELIAN ALPHA LIMITED
73531,ADVITECH Company,ADVITECH
28017,Verdipapirfondet Fondsfinansglobal Energi Holding,Verdipapirfondet Fondsfinans Global Energi
64277,MARTINA Investment SRL,MARTINA S.R.L.
6111,DR + MRS DAVIS MST,DR + MRS RJL DAVIS MARRIAGE SETTLEMENT TRUST
3998,"38. CC Schif.-GmbH & Co. KG MS ""ANPING""","CONTI 38. Container Schiffahrts-GmbH & Co. KG MS ""CONTI ANPING"""
46082,State mnstitutional Street Inve stment Trust - State mnstitutional Target Retirement Fund,State Street Institutional Investment Trust - State Street Target Retirement Fund
417,VILLCAD BOLS. SA,"VILLCAD BOLSA, SICAV S.A."
63928,Mercedes-Benz Financial Services Italia S.p.A.,Mercedes-Benz Financial Services Italia S.p.A.
29678,THE LLIAM FORD Limited-SETTLEMENT,THE LLIAM FORD-ALLEN 2007 SETTLEMENT
43314,Shra.-Jäger AG,Schrauben-Jäger AG
44443,Vosvinfum IL,"Vos Vinum Importing, Ltd"
13790,Great St. Helen's Finance Limited FUND,Great St. Helen's Finance Limited
38078,Liha-Werbung Max GmbHliebhaber Holding & Co KG,Liha-Werbung Max Liebhaber GmbH & Co KG
53937,Skagit LIMITED Bank,Skagit Bank
19412,Patria Aviat. Oy,Patria Aviation Oy
58255,IL CASsALE S.R.L.,IL CASALE S.R.L.
69991,OOL.,Onyx One Partnership Ltd.
47105,"Leme. Gyártó, Kereskedelmi és Szolgáltató Felelősségű Társaság","Lemeztechnika Gyártó, Kereskedelmi és Szolgáltató Korlátolt Felelősségű Társaság"
78927,Real Estate Debt Strategies II - AC L.P.,Blackstone Real Estate Debt Strategies II - AC L.P.
96135,HMG International,Martin Hochstöger GmbH
74585,1 MCL SICvAV,Melepard CDO 1 Limited
40610,Atara GmbH Biotherapeutics.,"Atara Biotherapeutics, Inc."
2390,TOFR. FRANCE Inves tment,TOPFRUIT FRANCE
23150,"Fund Bond Petrus, L.P.","Petrus Core Bond Fund, L.P."
52428,GHG 21 (BVI PROPERTY lHOLDINGS) LIMITED,GHG 21 (BVI PROPERTY HOLDINGS) LIMITED
22926,"The Coll ection At The Park, LLC","The Collection At The Park, LLC"
93428,"Eastside Crossings, Ltd Inc.","Eastside Crossings, Ltd."
82536,Pers. First bank,First Personal Bank
64982,EXXIT 59 A/S,EXXIT 59 A/S
26522,Maacq uarie Factoring LLC,Macquarie Commodities Factoring LLC
47697,Koch HC Partnership BV,Koch HC Partnership B.V.
19928,G.R.Y.P. INVESTMENTS LTD,G.R.Y.P. INVESTMENTS LTD
78430,Fast Finnce Spółka Akcyjna,Fast Finance Spółka Akcyjna
24350,INTERNATINOAL SYSTEMESdassault,DASSAULT SYSTEMES INTERNATIONAL
51466,"Fechtel LIMITED Family, LP","Fechtel Family, L.P."
576,E.J. de Rijke Holding B.V.,E.J. de Rijke Holding B.V.
28018,QUADRA CAPITAL PARzNERS LLP,QUADRA CAPITAL PARTNERS LLP
85417,"iShares, Inc. - iShares Isnternational High Yield Bond ETF","iShares, Inc. - iShares International High Yield Bond ETF"
40652,Chgarl. Investeringsfond,Charlottes Investeringsfond
12474,SAPENA TRADINGcompany SL,SAPENA TRADING COMPANY SL
33064,E-NEMA Gesellschaft für Biotechnologie undb. Pflanzenschutz mbH Funds,E-NEMA Gesellschaft für Biotechnologie und biologischen Pflanzenschutz mbH
80710,"TX Apt 15902 Hwy 3, L.P.","TX Apt 15902 Hwy 3, L.P."
73676,SLP Klinik GmbH ApS,Susanne Lund Psykologisk Klinik ApS
41487,De Boer & Van Hout Manufacturing Solutions BV,De Boer & Van Hout Manufacturing Solutions B.V.
96499,Rail Test & Resea rch GmbH,Rail Test & Research GmbH
45468,Vrena AB,Verna AB
52820,CIRCLE INVESTMENT HOLDINGS S.A.,CIRCLE INVESTMENT HOLDINGS S.A.
54934,Bell Trucks America.,"Bell Trucks America, Inc."
96458,ATHESTE COSTRUZIONI SRL,ATHESTE COSTRUZIONI S.R.L.
87851,Atlanterra Immobilienverwaltungs-GmbH,Atlanterra Immobilienverwaltungs-GmbH
33499,GVM Holdings,Mehrmann Verwaltungs-GmbH
41938,"Cavilu, S.A.","Cavilu, S.A."
90723,LATORcommercial INC Capital.,LATOR COMMERCIAL INC.
53258,"United News Inter national, Inc LIMITED.","United News International, Inc."
58457,Cegelle AB,Cegelle AB
39701,LC Waterwaysflr,"FLR Waterways, LLC"
51695,Inves. Fundsbochk Japan Equity Fund,BOCHK Investment Funds - BOCHK Japan Equity Fund
79075,Orweko GmbH & Servitce Ladenbau & Co. KG,Orweko Ladenbau & Service GmbH & Co. KG
32823,TRANS PORT SuCAV READINGlimited,READING TRANSPORT LIMITED
65969,7341041 Inc Canada.,7341041 Canada Inc.
16625,Blackstone OTF (Cayman Trust) L.P.,Blackstone Tactical Opportunities Fund (Cayman) L.P.
14490,"CD119 Merid., LLC","CD119 Meridian, LLC"
80541,BOLIDEN AB,BOLIDEN AB
59088,FELOP SL,FELOP SL
50544,Sarak Fastigheter AB,Sarak Fastigheter AB
53974,Chakka GmbH,Chakka GmbH
46137,"PSL FUND, a.s.","PSL, a.s."
18362,DYNAMIS SOLIDAIRE,DYNAMIS SOLIDAIRE
6882,"""OMPI SRL ""","""OMPI S.R.L."""
43857,Thors Global Hammer Holding ,Thors Hammer Holding ApS.
8783,THE JULIA PETRIE 1997 LLC SETTL.,THE JULIA PETRIE 1997 SETTLEMENT
27121,CK Invest BVBA,CK Invest BVBA
40873,INVER SIONES MATIPE SICAV S.A.,INVERSIONES MATIPE SICAV S.A.
26565,REPU. SLOVAK PROL OGIS V SRO,PROLOGIS SLOVAK REPUBLIC V S.R.O.
38606,Knauf Gips Trust SRL,Knauf Gips S.R.L.
75876,Tottui AB,Tottsi AB
73272,PUTM BNA FUND,PUTM BOTHWELL NORTH AMERICA FUND
35771,"RENTA 4 TOP SELE CCIÓNconservador, FI","RENTA 4 TOP SELECCIÓN CONSERVADOR, FI"
88688,Pax World. Series Trust I - Pax High Yield Bond SICAV Fund,Pax World Funds Series Trust I - Pax High Yield Bond Fund
84962,ELILOMBARDA SRL,ELILOMBARDA S.R.L.
98903,ANREPA Asset Management LLC AG,ANREPA Asset Management AG
60803,s bKG & Co.KG,Men's Shirt & Knitwear GmbH & Co.KG
73077,PUGLIA ENER GIES NEW N. 2 S.R.L.,PUGLIA NEW ENERGIES N. 2 S.R.L.
56922,FLUID uDM,FLUID Misch- und Dispergiertechnik GmbH
80672,ZETACOLOR Inc - S.R.L.,ZETACOLOR - S.R.L.
22422,"LL, CL Equity","Highpoint Club LL, LLC"
64002,P3 Czech&Slova. a.s.,P3 Czech&Slovakia a.s.
81986,ABANKA d.d.,ABANKA d.d.
49292,Deka-Flex Company: Euro,Deka-Flex: Euro
49636,Thorup ApS,Thorup ApS
59489,SIRPI LIMITED SRL,SIRPI S.R.L.
48322,CONSERVES FRANCE,CONSERVES FRANCE
25040,FUNDO DE GESTNAVE,FUNDO DE PENSÕES GESTNAVE
81132,Blac. EF,BlackRock European Dynamic Fund
92368,IH Industrikonsult i Kullavik Holdings AB,IH Industrikonsult i Kullavik AB
93841,I.C.E.M. DI MARjHETTI GIULIOmario Trust S.N.C.,I.C.E.M. DI MARCHETTI GIULIO & MARIO S.N.C.
25497,Przedsiębiorstwo Usługowo-Hand lowe z WSoo,Przedsiębiorstwo Usługowo-Handlowe Wodrem Spółka z ograniczoną odpowiedzialnością
34184,"RKINO CONS., S.L.","KRINO CONSULTORES, S.L."
78770,MAKOVEC as,MAKOVEC a.s.
81891,Un Ve Ti̇m Şi̇Aciṙ,Ulusoy Un Sanayi̇ Ve Ti̇caret Anoni̇m Şi̇rketi̇
87340,"KALIFLY Equity, SL","KALIFLY, S.L."
57385,Dire. Guild of America - Producer Basic Pensionplan,Directors Guild of America - Producer Basic Pension Plan
50259,MDIT. GmbH,MEDITERRANEE
45963,Immeo Quqad. 47. GmbH,Immeo Quadriga 47. GmbH
36180,Town of Varick,Town of Varick
38979,NFB,First National Bank
78709,Autonoria Fct Compartiment2014 SICAV,Autonoria Fct Compartiment 2014
41096,Pacer Funds Trust - Pacer Inte. Leaders ETF,Pacer Funds Trust - Pacer International Export Leaders ETF
55351,ABL,Blackwater Aircraft Limited
59025,iMUGC/NB GOLD MINERS EQUITY FUND,MUGC/NB GOLD MINERS EQUITY FUND
58384,Big White Ski Resort Inc Ltd.,Big White Ski Resort Ltd.
91714,Regin ster Nephrologie-Dialyse SC SPRL LLC,François Reginster Nephrologie-Dialyse SC SPRL
8931,MONTE. VISTA s r.o.,MONTEMAR VISTA spol. s r.o.
38808,UIN-Fonds Nr. 673 LIMITED,UIN-Fonds Nr. 673
52732,Kiszinger & Co. (GmbH & Co. KG),Kitzinger & Co. (GmbH & Co. KG)
24271,JOHN PORTEgsettlement,JOHN PORTER SETTLEMENT
65465,Kathr ein Fund SF54,Kathrein SF54
43136,MERKUR ZAVAR OVALNICA d.d.,MERKUR ZAVAROVALNICA d.d.
3192,De Boorder Holding Inter. B.V.,De Boorder Holding B.V.
73413,Raif feisenbanken Tirol Kast GmbH,Raiffeisenbanken Tirol Kast GmbH
15844,"ALZA OBRAS Y SERVI., S.L.","ALZA OBRAS Y SERVICIOS, S.L."
95952,Alli.-S,AllianzGI-S
51242,DEVAJ LIMITED,DEVAJ LIMITED
3552,"VN sso ciation Homec., Inc.","Visiting Nurse Association Home Care, Inc."
711,SATONI LIMITED,SATONI LIMITED
39478,"Cahaba River Clinic FUND Partners, LLC","Cahaba River Clinic Partners, LLC"
18343,Eastview Cropsltd.,Eastview Crops Ltd.
28096,UA Promoters,United Promoters Aktiengesellschaft
27926,"Extra Garage Equity, L.L.C.","Extra Garage, L.L.C."
69848,F.A.Z. xCIUE,ComStage F.A.Z. Index UCITS ETF
54637,E H COCK BURN WILL TRUST,E H COCKBURN WILL TRUST
92219,S2 Stone Holdi. LLC,"S2 Stone Ridge, LLC"
4682,PIMCO Funds - PIMCO Global rond Fund (U.S. Hedged Global),PIMCO Funds - PIMCO Global Bond Fund (U.S. Dollar-Hedged)
39829,SIMP LYGOODS GmbH,SIMPLYGOODS GmbH
15746,BIZZ. S.P.A.,BIZZOTTO S.P.A.
46573,"NeoSp., Inc.","NeoSpire, Inc."
80893,ALST. UK Limited,ALSTOM Transport UK Limited
34951,Thales Avion. Systems SAS,Thales Avionics Electrical Systems SAS
83721,DMAL,Dynamic Music Australia Pty Limited
6866,"Land. Comunicaciones, S.L.","Landatel Comunicaciones, S.L."
37796,SCOR Rsesegurosbrasil S.A.,SCOR Brasil Resseguros S.A.
20771,Manag. TRE Beheer BV,TRE Management Beheer B.V.
5464,THE Holding TONY AND SHEELAGH WILLIAMS CHARITABLE FOUN.,THE TONY AND SHEELAGH WILLIAMS CHARITABLE FOUNDATION
97535,QUATR IEME LEASE Global,QUATRIEME LEASE
4808,Parekh Limited,Parekh Enterprises Limited
63792,TRECENTOasset MANAGEMENT,TRECENTO ASSET MANAGEMENT
77714,Nyholmsvej 11 ApS,Nyholmsvej 11 ApS
15270,IFOGHAS Equity INVESTMENTSltd.,IFOGHAS INVESTMENTS LTD.
88292,OnePath Global Emer. Markets Shares Trust (Unhedgedindex Pool,OnePath Global Emerging Markets Shares (Unhedged) Index Pool
25325,MONETTI S.R.L.,MONETTI S.R.L.
64525,Navis Yield.,Navis Yield Fund
4666,ANTONIO RS' A RESPONSABILITA' LIMITATA,ANTONIO RIGAMONTI SOCIETA' A RESPONSABILITA' LIMITATA
43754,hit-GmbH. & Co KG,hit-Technopark GmbH & Co KG
58716,Imaging SP Limited Ecuity,Technova Imaging Systems Private Limited
3348,Adolf Bauer Gedächtnis Priva.,Adolf Bauer Gedächtnis Privatstiftung
59606,Kuortaneen Osuuspankki,Kuortaneen Osuuspankki
79624,"Milagro Exploration, LLC","Milagro Exploration, LLC"
54323,Pic Custo. EDF,EDF Energy Customers Plc
66966,M.A.G. COSTR UZIONI S.N.C. DI MARIO PINNA & C.,M.A.G. COSTRUZIONI S.N.C. DI PINNA MARIO & C.
58403,DPAM Invest B - Small Europe Equities Caps,DPAM Invest B - Equities Europe Small Caps
83465,R G MILLES DECE. TRUST SIcCAV,R G MILLES DECEASED LEGACY TRUST
57725,London Life Insu. Company,London Life Insurance Company
98705,LGC Science Group Limited,LGC Science Group Holdings Limited
91193,SKANDERBORG KOMMUNE,SKANDERBORG KOMMUNE
64399,Beach Mountain Funqds AS,Beach Mountain AS
37989,BIRK & WINTHER A/S,BIRK & WINTHER A/S
51697,Tosca International Master,Tosca Master
82105,Goldman Sachs Commodities Trst Mome. Limited,Goldman Sachs Commodities Momentum Limited
54672,Effectusfund Multi Strategy Global L.P.,Effectus Global Multi Strategy Fund L.P.
33386,Labor atory NSI.,Norlab Laboratory Systems Inc.
15611,HF 2009 DISCR. TRUST,HILARY FORTNAM 2009 DISCRETIONARY TRUST
85447,GILMA. REG.,GILMAR TRUST REG.
82346,Fidelity Currency Hedg. Growth Institutional Trust,Fidelity Currency Hedged International Growth Institutional Trust
39060,Windm aus GmbH & Co. KG,Windmaus GmbH & Co. KG
66060,"Fraimng Eric., LLC GmbH","Erickson Framing Operations, LLC"
75281,SOKO. LLC SA,SOKODAIL SA
31347,NapIT pS,NapIT ApS
38401,Pieter TRUST van Foerest Stichting,Pieter van Foreest Stichting
60831,SfD und Molekulare Pathobiochemie,Stiftung für Pathobiochemie und Molekulare Diagnostik
63847,"Global Alpher Limited, S.L.","Global Alpher, S.L."
31793,CX EVOLU CIÓ RENDES 5 FI,CX EVOLUCIÓ RENDES 5 FI
28690,Govena Lighting Spółka Akcyjna,Govena Lighting Spółka Akcyjna
30492,CHESS ILMITED,CHESS LIMITED
43738,FL LLC,FIAM LMS LLC
56715,27 Pptnam LP,27 Putnam LP
26600,STREET RICHMOND HILL ODEON LIMITED,ODEON RICHMOND HILL STREET LIMITED
24748,INSTITUT DE FRANCE,INSTITUT DE FRANCE
42436,DI ALOIA TRUST CARMELO,ALCA DI ALOIA CARMELO
37780,LLC Securities Insti. Citadel,Citadel Securities Institutional LLC
43511,Smucker Fods of Canada Corp.,Smucker Foods of Canada Corp.
81172,LK-Prem. GmbH + Co.KG,LK-PremiumPack GmbH + Co.KG
22791,Brdr. Holst sørensen A/S,Brdr. Holst Sørensen A/S
15828,Leggmasan Partners Market Trust - Western Asset Prime Obligations Market Fund,Legg Mason Partners Money Market Trust - Western Asset Prime Obligations Money Market Fund
33594,ENERGY LIMITED,PHILOLAUS ENERGY LIMITED
97963,"2 Dwight Street Associates, LLC LLC","2 Dwight Street Associates, LLC"
91199,"139 Shuman Solar NG, LLC","139 Shuman Solar NG, LLC"
82306,PRIVIUM CAPITAL FUND SPC - MEDEX HEALTHCARE ABSOLUTE RETURN FUND SP,PRIVIUM CAPITAL FUND SPC - MEDEX HEALTHCARE ABSOLUTE RETURN FUND SP
70898,SS Growth Operating L.P.,"SS Growth Operating Partnership, L.P."
48339,"DW Partn ers Healthcareiii (B), LP","DW Healthcare Partners III (B), LP"
98007,IMARA ASSET MANA GEMENT (UK) LIMITED,IMARA ASSET MANAGEMENT (UK) LIMITED
43526,"Střední prům. škola dopr avní, as","Střední průmyslová škola dopravní, a.s."
19151,JeBé Cnsu. Inc B.V.,JeBé Consultancy B.V.
45581,ITI SICAV.,"Industrial Belting & Transmission, Inc."
2444,WAIL,"AHD Wine Imports, LLC"
12233,"Emir. Fomods, s.r.o.","Emirates Foods, s.r.o."
34554,"Tigersand & Gravel, LLC","Tiger Sand & Gravel, LLC"
42805,Compagniet Tillvaxt i Sverige AB,Tillvaxt Compagniet i Sverige AB
24554,Medibau Gundstücksgesellschaft FUND mbH Handel.Entwicklung.Vermittlung.,Medibau Gundstücksgesellschaft mbH Handel.Entwicklung.Vermittlung.
74671,Fluor LLC Solvay,Solvay Fluor GmbH
50383,"Botah. Row II, L.P.","Boathouse Row II, L.P."
24911,BB  Energymalaysia Lnd,B.B. Energy Malaysia Ltd
44352,Clon. Exploration & Production LLC Capital,Colonial Exploration & Production LLC
14864,SPD AUTOMOTIVE LIMIrED,SPD AUTOMOTIVE LIMITED
21805,TfHE WILL MARCHANT Limited BRYCE TRUST,THE MARGARET BRYCE MARCHANT WILL TRUST
47404,R G FARMS International PENSION UFND,R G FARMS PENSION FUND
65944,OCM Holding Luxembourg EPFiii BPL Holdings S.à r.l.,OCM Luxembourg EPF III BPL Holdings S.à r.l.
39646,MYJO S.R.L.,MYJO S.R.L.
68713,HEXCEL HOLDINGS,HEXCEL HOLDINGS
92109,"Jozef Begrafenis- en Crematievereniging Equity ""Sint Onde rlinge"" U.A.","Onderlinge Begrafenis- en Crematievereniging ""Sint Jozef"" U.A."
80679,"Group 6, LLC","Group 6, LLC"
50583,ALBINONI ENERGIA SRL,ALBINONI ENERGIA SRL
81585,PANTICO SICAV INVEST SA,PANTICO INVEST SICAV SA
57308,"testovánípro Institut Ltd a certi., as","Institut pro testování a certifikaci, a.s."
20021,GFLP Ltd,Global Fitness & Leisure Pty Ltd
93957,GRAND EZZA HOTELS sro,GRANDEZZA HOTELS s.r.o.
29336,Videxio AS,Videxio AS
6336,MKB Adaptív KDA Fektető Alap,MKB Adaptív Kötvény Dollár Alapba Fektető Alap
38474,EI II LIMITED Limited,EISER INFRASTRUCTURE II LIMITED
2591,WELSH NOMINEE PARTNERSHIP (INDUSTRIAL) LIMITED,WELSH INDUSTRIAL PARTNERSHIP (NOMINEE) LIMITED
97550,THEAM QUANT - EEC CARE. 90%,THEAM QUANT - EQUITY EUROPE CLIMATE CARE PROTECTION 90%
25186,Acuat ve GmbH Corporation,Acuative Corporation
41724,FINA. PARTICI SOC-SO.PAR.FI.,SOC PARTICI FINANCIERE-SO.PAR.FI.
73854,Hagros Funds & Hagros Funds Oy,Hagros & Hagros Oy
59045,"Holding Allyoy Real, Inc Funds","Real Alloy Holding, Inc"
53111,"""Mishing Holdings"", LLC Fund","""Mishing Holdings"", LLC"
55264,"G.S.W.C., hnc.","G.S.W.C., Inc."
28361,Misc. Trust,The Mischabels Trust
16127,COURT PALATINE TERME DYNAMIQUE International,PALATINE COURT TERME DYNAMIQUE
71729,MSL iLmited,MODUS SERVICES LIMITED
93529,Global Funds SPCt otal Return SP,Global Funds SPC - Total Return Credit SP
55163,"RJ Berder International, LP","RJ Border International, L.P."
75208,"ANTA Equity DIVER., S.I.C.A.V., S.A.","ANTA DIVERSIFICACIÓN, S.I.C.A.V., S.A."
22643,HLG,HSP Group Limited
12675,FRIGERIO IMMOBLIARE S.R.L.,FRIGERIO IMMOBILIARE S.R.L.
9650,Rosenbergfans Canada Ltd.,Rosenberg Fans Canada Ltd.
12447,LMA Ireland Company - Map 507,LMA Ireland - Map 507
59292,"Riverside Properties Noble CTR, LLC","Noble Properties Riverside CTR, LLC"
23022,Kraft Heinz TRUST Company Foods L.P.,Kraft Heinz Foods Company L.P.
8948,Lactalis Hungária Kereskedelmi és Szol gáltató Kft.,Lactalis Hungária Kereskedelmi és Szolgáltató Kft.
84178,BOCA Fund. B.V.,BOCA. B.V.
85212,"CHS Holdings' PER AZIyONI O, IN FORMA ABBREVIATA, ""S.P.A.""","CITAI HOLDING SOCIETA' PER AZIONI O, IN FORMA ABBREVIATA, ""CITAI HOLDING S.P.A."""
11114,"Greenwcaypark Apartments, Limited Partnership","Greenway Park Apartments, Limited Partnership"
26648,"Trieo U.S., Inc.","Trigo U.S., Inc."
59418,Battery Managementcorp.,Battery Management Corp.
90754,PRI.eCOM SRL,PRI.COM S.R.L.
8792,AXA PLAN 2010 BELGIQUE Inc,AXA PLAN 2010 BELGIQUE
53551,Seven M's Partn.,Seven M's Limited Partnership
55693,Rnäs. E.L. AB,Renässans E.L. AB
79635,GmbH BARUFE Stah lhandel,BARUFE GmbH Stahlhandel
62959,11210 Front LLCb each,11210 Front Beach LLC
70519,"Buerkle Ente rpribes, LLC","Buerkle Enterprises, L.L.C."
63784,MASSALIA Holdings MS,MASSALIA SHOPING MALL SCI
50336,Graham Inc Inter..,Développements Graham Inc.
85777,Technology GLG Fund Inc,GLG Technology Fund
58022,mINA Investeeringud Global OU,FINA Investeeringud OU
44826,Fidelity Funds - Emerging Market Debtf.,Fidelity Funds - Emerging Market Debt Fund
71584,Icon Investments Five Unlim. Company,Icon Investments Five Unlimited Company
21788,ELMHI. CM THE 1996 DISCRETIONARY SETTLEMENT,THE C M ELMHIRST 1996 DISCRETIONARY SETTLEMENT
23373,MObNAT PARIS SAS,MOYNAT PARIS SAS
85229,All Seasons Limited Capital,All Seasons Limited
50851,Jung. Tours AG,Jungfrau Tours AG
37571,Oppenheimer Portf olio Series - EIF,Oppenheimer Portfolio Series - Equity Investor Fund
71228,SIMON-GUERIN Funds,SIMON-GUERIN
68053,HUB ONE MOBI LITY,HUB ONE MOBILITY
94243,eTam Bank AG Nürnberg,TeamBank AG Nürnberg
71294,DE PNS,PÈRE DE NOËL STIFTUNG
73005,"AFEX SUNS, S.A.","AFEX SUNS, S.A."
26920,Rhone Trustees (Switzerland) SA as Trustee of the Calixte Settlement,Rhone Trustees (Switzerland) SA as Trustee of the Calixte Settlement
52394,LIDINGÖ International ROCKSPRING CENTRUM AB,ROCKSPRING LIDINGÖ CENTRUM AB
96452,Thales Trn. GmbH,Thales Transportation Systems GmbH
79060,"EL FORNAL, S.A.","EL FORNAL, S.A."
78982,Holding de Hans B.V.,Hans de Weers Holding B.V.
38642,Blinds To Go Inc.,Blinds To Go Inc.
65691,Arisina Foundation,Arisina Foundation
60833,HOMEART Z SOO Fund,HOMEART SPÓŁKA Z OGRANICZONĄ ODPOWIEDZIALNOŚCIĄ
84886,FIB Garant,FIB Garant
9492,"WC XXIII, LP","WWC XXIII, LP"
38135,DMR MARCA SRL Limited (DMR SRL Limited),MDR MARCA SRL (MDR SRL)
3536,Theorema Trading Limimted,Theorema Europe Trading Limited
66947,Sekisuijushi Strap ping B.V.,Sekisui Jushi Strapping B.V.
33337,"SANTALUCÍA SA, REASEGUROS DE SEGUROS Y COMPAÑÍA","SANTALUCÍA SA, COMPAÑÍA DE SEGUROS Y REASEGUROS"
62654,Europ Assis tance GIE Center,Europ Assistance Clearing Center GIE
88402,Raiffeisenbank Pfaff. Holding eG,Raiffeisenbank Pfaffenhausen eG
18564,"BNY MELLON FUNDS, PLCbny MELLON HIGH YIELD BOND FUND","BNY MELLON GLOBAL FUNDS, PLC - BNY MELLON GLOBAL HIGH YIELD BOND FUND"
91422,OPTIMIZ 8-14%,OPTIMIZ 8-14%
87261,CABINET TRUST HEpKE,CABINET HECKE
36858,Bell. I LLC,Bellstone I LLC
73483,Almare Group Oy,Almare Group Oy
19950,HSBC INSTI. TRUST SERVICES (MAURITIUS) LIMITED,HSBC INSTITUTIONAL TRUST SERVICES (MAURITIUS) LIMITED
82926,Palma Organicaholland) B.V.,Palma Organica (Holland) B.V.
38402,Multipartner SICuAV - Global Conv. Fund Global,Multipartner SICAV - LUKB Global Convertible Bond Fund
94602,Bijlsma Limited Beheer B.V.,Bijlsma Beheer B.V.
60376,"QRP ARQUITECTURA, S.L.P.","RQP ARQUITECTURA, S.L.P."
58547,JRY Holding ApS,JRY Holding ApS
90463,J & B WOODCOCK & ShNS T/A YEW TREE LIMITED DAIRY,J & B WOODCOCK & SONS T/A YEW TREE DAIRY
4366,Biologische Heilmittel Heel GmbH,Biologische Heilmittel Heel GmbH
88191,Altus Absolutnej Stopyzwrotu Inwestycyjny Zamk nięty LLC Global Opportunities,Altus Absolutnej Stopy Zwrotu Fundusz Inwestycyjny Zamknięty Global Opportunities
6104,ILVA SRL,ILVA SRL
36418,FDM GROUP LIMITED,FDM GROUP LIMITED
9922,IT-Henrik Limdited Nella.,IT-Konsulent Henrik Nellager
89409,Elia sson & Lundgrenaktiebolag,Eliasson & Lundgren Aktiebolag
22717,Karlh einzbrosch GmbH,Karlheinz Brosch GmbH
10849,Juntos Holdi.,Juntos
51412,"Flexacquisition Compny, Inc.","Flex Acquisition Company, Inc."
21085,Dr. Lange GmbH & Co. KG,Dr. Lange GmbH & Co. KG
91731,"HL, Omnibus- und Mietautounternehmen, Inhaber Rodi. Verkehrsbetriebe GmbH","Hans Lobmeyer, Omnibus- und Mietautounternehmen, Inhaber Rodinger Verkehrsbetriebe GmbH"
56725,Meat-Pac spółka z ograniczoną odpowiedzialnoscią,Meat-Pac spółka z ograniczoną odpowiedzialnoscią
90601,854921 ontario lwf,854921 ontario ltd/wolthaven farms
79424,KIEL SCHI FFSDIESELTECHNIKgmbh,SCHIFFSDIESELTECHNIK KIEL GmbH
55508,THJOEMOEEKRANEN AS,THJOEMOEEKRANEN AS
84695,PsFA Polskich aCpital,Pioneer FIO subfun. Pioneer Akcji Polskich
23473,"Slovenske železnice, d.o.o.","Slovenske železnice, d.o.o."
64721,LE-Holmeholding ApS Inter national,LE-Holme Holding ApS
93953,"M-C Devel opment Associates, LLC","M-C Development Associates, LLC"
30500,EXPO. Company DE DIOS AGUILAR SA,AGUILAR DE DIOS EXPORTACION SA
56229,Sokpol z ora.,Sokpol Spółka z ograniczoną odpowiedzialnością
25427,AFIM DIADYS LS MARKET Limited NEUTRAL,AFIM DIADYS LS MARKET NEUTRAL
66821,THE CAROLYN GODD. TRUST,THE CAROLYN GODDEN DISCRETIONARY TRUST
62798,First Company Limited,First Pacific Company Limited
38370,RESO URCE EUROPE MANAGEMENT LIMITED,RESOURCE EUROPE MANAGEMENT LIMITED
49964,Eaton Vance Series Trust II - Parametric Tax-Managed Emer. Marketsfund,Eaton Vance Series Trust II - Parametric Tax-Managed Emerging Markets Fund
4033,LIU LING MANAGEMENT jLIMITED,LIU LING MANAGEMENT LIMITED
87667,FCBP - QCF - Fina nacial Capital Bonds Pool,FCBP - QCF - Financial Capital Bonds Pool
514,Dest ilaria tda,Destilaria Londra Ltda
8489,Vang. Index Fund,Vanguard Conservative Index Fund
35010,terre des hommes eV  Hilfe für in Not,terre des hommes e.V. Hilfe für Kinder in Not
56818,L.T.M. DI ANCONA GIACOMO,L.T.M. DI ANCONA GIACOMO
87961,OFFICINA MECCA.-SAVING DI FEDERICO & C.- S.N.C.,OFFICINA MECCANICA AUTO-SAVING DI BETTELLI FEDERICO & C.- S.N.C.
99869,CL IV) Limited,OXW Catalina (Logistics IV) Limited
59714,Aquila 10,Aquila 10
67257,AIRCoN Sp. z o.o.,AIRCON Sp. z o.o.
3682,IC Holding,NIC Holding Corp.
14949,Anlag estiftung Swiss Life - BVG-Mix 45,Anlagestiftung Swiss Life - BVG-Mix 45
52487,Corsair (Shen zhen) Trading Copany Limited,Corsair (Shenzhen) Trading Company Limited
13826,LEDVANCE GmbH,LEDVANCE GmbH
53745,ASSET GUIL. PURC HSAING Trust COMPANY (NO.11) UK LIMITED,GUILDHALL ASSET PURCHASING COMPANY (NO.11) UK LIMITED
22887,B. HPG,Hermat-Metallwaren B. Porst GmbH
4738,"TTI, Meetings & Events GmbH Limited","TerraGlobalis Travel, Incentives, Meetings & Events GmbH"
38253,The Edmo nton Space & Foundation Science,The Edmonton Space & Science Foundation
97367,Resman Capital Holding B.V.,Resman Holding B.V.
17152,GmbH Eleva tor Innovation ThyssenKrupp,ThyssenKrupp Elevator Innovation GmbH
63223,VVA,Vice Versa Aktiebolag
64770,GDL Holding,"Global Development Company, LLC"
87574,"St. LLCmob, Agnes","St. Agnes MOB, LLC"
46590,"MCV Koen. GP, S.à rl","MCV Koenigsallee GP, S.à r.l."
45096,Aemilia B.V.,Aemilia B.V.
46474,"""IDIS - CIcTA' DELLA SCIENZA, (ISTI TUTO PER LA DIFFUSI ONE E LA VALO. DELLA CULTURA SCIENTIFICA)"",","""FONDAZIONE IDIS - CITTA' DELLA SCIENZA, (ISTITUTO PER LA DIFFUSI ONE E LA VALORIZZAZIONE DELLA CULTURA SCIENTIFICA)"","
35852,PS FOUND.,PS FOUNDATION
52406,Loadhog Limited,Loadhog Limited
13228,PZU Specj alistyczny Fundusz Inwestycyjny Otwarty Globalnych Inwe. - Subfundusz PZU Akcji Rynków Rozwiniętych,PZU Specjalistyczny Fundusz Inwestycyjny Otwarty Globalnych Inwestycji - Subfundusz PZU Akcji Rynków Rozwiniętych
54937,SND Goete,Stichting Goede Doelen Nh1816
40104,Nunhems Netherlands B.V.,Nunhems Netherlands B.V.
83168,LightLab Limited bSweden AB,LightLab Sweden AB
75972,Tantallon Temch Equity & Sustainability Fund,Tantallon Tech & Sustainability Fund
55246,"Elegant View Office Properties, LLC","Elegant View Office Properties, LLC"
76822,The Gables of Maumelle Apartmentslimited Partn ership,"The Gables of Maumelle Apartments, Limited Partnership"
98495,CLdN Equity ro-ro S.A.,CLdN ro-ro S.A.
81618,"Incoperations, Coriant.","Coriant Operations, Inc."
73675,REA PENSIONscheme,REA PENSION SCHEME
74532,mARILI PREFABBRICATIsilvio S.R.L.,PREFABBRICATI BARILI SILVIO S.R.L.
27703,ROWERSO B.V.,ROWERSO B.V.
35876,Siemens Vai Metal. SRL de CV,Siemens Vai Metals Technologies SRL de CV
69155,CkOMIPEL S.A.,COMIPEL S.A.
87241,Druid Igves. Partners LP,Druid Investment Partners LP
79774,Van Veenendaal-Bot Stichting,Van Veenendaal-Bot Stichting
67062,XL SERVICES (LTDb. Equity,XL SERVICES (BERMUDA) LTD
65608,Vågko. i Aktiebolageskilstuna,Vågkonsult i Eskilstuna Aktiebolag
28851,Ciicero Global World 0-80,Cicero World 0-80
59930,InvestEd GPs - InvestEd GP,InvestEd Portfolios - InvestEd Growth Portfolio
67030,KBG Emer. Oppo rtunities SICAV,KBC Bonds - Global Emerging Opportunities
87464,GIOVANNI GRO' S.N.C. DI PIANTONI E VERONICA Inter.,PUNTA GRO' S.N.C. DI PIANTONI GIOVANNI E VERONICA
57096,Van Haaut NV,Van Haut NV
58240,"Deutsche Value Series, Inc.","Deutsche Value Series, Inc."
94211,ACVIL APAR. Holdings SL,ACVIL APARCAMIENTOS SL
73523,Markets Vance Growth Trustmarkets Vance Hexa vest EE Equity Fund LIMITED,Eaton Vance Growth Trust - Eaton Vance Hexavest Emerging Markets Equity Fund
78122,"IS DEV Yuba, LLC","IS DEV Yuba, LLC"
41835,MITTELSTAND GERMAN FUND I,STEUBING GERMAN MITTELSTAND FUND I
42154,"2900 Charleston, LLC","2900 Charleston, LLC"
26874,IRL Purchaser,Irish Ring Receivables Purchaser Limited
13423,Nelis Tech nologie FUND B.V.,Nelis Technologie B.V.
79626,INVERSIONES FERSANGO S.A.,INVERSIONES FERSANGO S.A.
21473,EMCOM S.R.L.,MECOM S.R.L.
39544,Fa. Gebr. van Haarlem en Zonen,Fa. Gebr. van Haarlem en Zonen
88003,London Borouugh of Pension Houn. Fund,London Borough of Hounslow Pension Fund
97419,Horizons Enhanced Icome Gold Producers ETF,Horizons Enhanced Income Gold Producers ETF
48120,Stichting Wouds.,Stichting Woudschoten
1020,SOURCE HL,SOURCE HOLDINGS LIMITED
6752,First Asset Canadian Bond Fund Inter national,First Asset Canadian Convertible Bond Fund
28575,Master Quant Scoria Fund Ltd.,Scoria Quant Master Fund Ltd.
85666,CurNon ApS Investment,CurNon ApS
49655,SAISSE Investment ET FILS,SAISSE ET FILS
37175,"""G.M. - SOCIETA' A RESPONSABILITA' LIMI."" IN SIGLA G.M. - S.R.L.","""G.M. - SOCIETA' A RESPONSABILITA' LIMITATA"" IN SIGLA ANCHE ""G.M. - S.R.L."
53202,"WFGR Mtezz Global V, LLC","WFGR Mezz V, L.L.C."
27467,Snap-on BS Limited International,Snap-on Business Solutions Limited
59167,"Omega Tryust Globalfund, FI","Omega Global Fund, FI"
25775,Co. OGA LIMITED KG,AVW Vermögensverwaltungs GmbH & Co. Achtzehnte Objekt KG
24333,Perspective NV - 90 Best USD Performer 1,Perspective NV - 90 Best Performer USD 1
96790,Rudolf HG & Co. KG,Rudolf Haufe Verlag GmbH & Co. KG
50830,PT. FUTUREADY INSURANCE BROKER,PT. FUTUREADY INSURANCE BROKER
46169,CA Retail International German 2 S.à r.l.,CA German Retail Assets 2 S.à r.l.
14951,MUvNICH RE SOLUTIONS SICAV AUTOM. PTE. LTD.,MUNICH RE AUTOMATION SOLUTIONS PTE. LTD.
3895,"Avenue Aviationopportunities Fund II (Offs hore), L.P.","Avenue Aviation Opportunities Fund II (Offshore), L.P."
267,Thomas H Lee Equity VI Access EMP LP,Thomas H Lee Equity VI Access EMP LP
85230,"Janssen Pharmaceuticals unds, ","Janssen Pharmaceuticals, Inc."
57571,BHOEMIA INTE. as,BOHEMIA INTERACTIVE a.s.
71335,"Churchmans Place, LLC","Churchmans Place, LLC"
51628,MODA centro UNIVERSO SRL,UNIVERSO CENTRO MODA S.R.L.
35031,"Botsiniprime, LLC","Botsini-Prime, LLC"
93131,BRIG. ABSOLUTE RETURN FIL,BRIGHTGATE ABSOLUTE RETURN FIL
38305,RK JTTT Ltd 2004 Revocable Stepahnie,James R Tilton and Stephanie K Tilton 2004 Revocable Trust
29499,FATTORIA SAN ORCCO SOCIETA' AGRI COLA,FATTORIA SAN ROCCO SOCIETA' AGRICOLA
65069,Bols mAst erdam B.V.,Lucas Bols Amsterdam B.V.
86308,Pebeo Inc.,Pebeo Inc.
97834,Bladt OGM B.V.,Bladt Onroerend Goed Maatschappij B.V.
82089,TechMed FUND 3D Inc.,TechMed 3D Inc.
54654,College Hage veld LLC,Onderwijsstichting College Hageveld
5852,AT-Siili Oy,AT-Siili Oy
73668,Cont. Deltainc.,Delta Controls Inc.
56644,HOLDING Trust SCHALLER GMBH,SCHALLER HOLDING GMBH
41630,Schee pvaartonderneming Funds m.s. Loenerdiep C.V.,Scheepvaartonderneming m.s. Loenerdiep C.V.
16872,S.N.C. LPAN D'OS,S.N.C. PLAN D'ORGON SUR DURANCE
49864,GruW. GmtbH & Co. KG,GruW Global Wohnen GmbH & Co. KG
79703,Hansa Akti engesellschaft,Hansa Aktiengesellschaft
11278,"15. CAS Holding-GmbH & Co. KG MS ""PORTO""","CONTI 15. Alemania Schiffahrts-GmbH & Co. KG MS ""CONTI PORTO"""
1878,CAL,Clearview Acres Ltd
53635,SG  SIGHINOLFI IMMOBILIARE SRL,S.G. SIGHINOLFI IMMOBILIARE S.R.L.
14777,PESCA DOS IBAÑEZ Company S.A.,PESCADOS IBAÑEZ S.A.
18842,AFMEA und Steuerungstechnik Ltd GmbH,AFEMA Automatisierungs- und Steuerungstechnik GmbH
17714,A K Stoddart RETMNT Ben Scheme-SSAS,A K Stoddart RETMNT Ben Scheme-SSAS
59289,MK Manag. rLC,MK Management LLC
88803,Holding Fund Felss,Felss Holding GmbH
12302,Asiaalternatives Ivory Euity L.P.,"Asia Alternatives Ivory Partners, L.P."
67261,AlbaCore Partn. IB,AlbaCore Partners I Sub-Fund B
31680,Davaris Capital Textiles S.A,Davaris Textiles S.A
52656,"BULWARK LIQUIDAZIONE SOCIETA' A RESPONSABILITA' LIMITATA ""IN DESIGN""","BULWARK DESIGN SOCIETA' A RESPONSABILITA' LIMITATA ""IN LIQUIDAZIONE"""
58291,Inte. US  GNB-Lending Series Fund,Intermediate U.S. Government Bond Index Non-Lending Series Fund
46879,Chippingham Group Fina. Limited,Chippingham Financial Group Limited
17598,Abena GmbH,Abena GmbH
70685,THE BILLETT EDUCATIONAL DISCRETIONARY LIMITED TRUST,THE BILLETT EDUCATIONAL DISCRETIONARY TRUST
9229,NEED APS Holding,NEED APS
34858,Pear Tree Funds - Pear Tree PanAgora Emerging Fund,Pear Tree Funds - Pear Tree PanAgora Emerging Markets Fund
35366,Armajaro Agri-do Brasil Ltda,Armajaro Agri-Commodities do Brasil Ltda
18840,BNP B FUND II - BEST OF BONDS CAP Caapital,BNP PARIBAS B FUND II - BEST OF BONDS CAP
23225,TI Plantes SICAV.,Thera-Plantes Inc.
76066,SICAV GmbH Inves. Gestielle - Cedola iRsk Control Health Care,Gestielle Investment SICAV - Cedola Risk Control Health Care
85320,STOREBRAND NORGE,VERDIPAPIRFONDET STOREBRAND NORGE
88853,FH Tun LIMITED,Tun Hwa Foundation
20529,"COOP Jednotanitra LLC, spotrebné skrátene : COOP Jednotanitra LLC, SD)","COOP Jednota Nitra, spotrebné družstvo (skrátene : COOP Jednota Nitra, SD)"
64760,SAVOX S.A.,SAVOX S.A.
5085,MontLake Platform PLC - New Mountain UF,MontLake UCITS Platform PLC - New Mountain Vantage UCITS Fund
73755,hagebau Handelsgesellschaft fB Co. KG,hagebau Handelsgesellschaft für Baustoffe mbH & Co. KG
84072,AMUNDI-MF MULTI ACTIONS EUROPE,AMUNDI-MF MULTI ACTIONS EUROPE
59062,Schumag Aktiengeesllschaft Holding,Schumag Aktiengesellschaft
2979,Scrhoder All MCF,Schroder All Maturities Corporate Bond Fund
4943,SOCIETAinchotels' A LIMIT ATA,INCHOTELS - SOCIETA' A RESPONSABILITA' LIMITATA
4152,fCR,Atlantic Realty Company
69240,Dent2Lait SC SPRL,Dent2Lait SC SPRL
16929,BRITISHfinance TOBACCO AMERI. ZAR BV,BRITISH AMERICAN TOBACCO FINANCE ZAR B.V.
46681,Clothing Ltd Gcobal Zhejiang.,Clothing Plus Zhejiang Ltd.
50692,CAPITAL WALL Meinl,Meinl WALL STREET CAPITAL
38342,CMH Copany,CUNA Mutual Holding Company
86570,ZETECO Aktie bolag,ZETECO Aktiebolag
50214,UK LEATHER FEDERATION,UK LEATHER FEDERATION
47350,aANCO MSA,BANCO MASVENTAS SOCIEDAD ANONIMA
76628,"DCEIMAS, S.L.","DECIMAS, S.L."
48495,Nati. Bank Financial ,National Bank Financial Inc.
4940,Atlas Portfolio for SPC acting Selectand on behalf of its Segregated Portfolio 340,Atlas Portfolio Select SPC acting for and on behalf of its Segregated Portfolio 340
353,The Gabelli Asset uFnd,The Gabelli Asset Fund
90104,DhPP-Privatstiftung,DPP-Privatstiftung
80003,Spółka Wiat rxwa EOL BIS Elektrownia z ograniczonąodpowiedzialnością,Elektrownia Wiatrowa EOL BIS Spółka z ograniczoną odpowiedzialnością
61128,"MAT Enterprises, LLC International","MAT Enterprises, LLC"
25420,CFNLinvest Aktiebolag SICAV,CFNL Invest Aktiebolag
76600,RE SA SIF Limited-SICAV,IRE-RE SA SICAV-SIF
25329,CHAPELCREST Trust IL,CHAPELCREST INVESTMENTS LIMITED
31639,THE NICOL BAXTER TRUST,THE THOMAS NICOL BAXTER TRUST
79945,GmbH Helbig Wäscherei,Wäscherei Helbig GmbH
68855,JAMES EBENI STES Limited,JAMES EBENISTES
83487,SEH DISCRETIONARY SETTLEMENT TRUST,SEH BLOCK DISCRETIONARY SETTLEMENT TRUST
19005,ELIOS 03 S.R.L.,ELIOS 03 S.R.L.
9040,KTS GmbH,Kabbal Trading SPRL
81767,"Mycone DS Co., Inc.","Mycone Dental Supply Co., Inc."
83206,Green Lake LLCa. Company,Green Lake Apartments LLC
33895,ACCESS - ROGERS INTERNATIONAL COMMO. INDEX UCITS ETF,MARKET ACCESS - ROGERS INTERNATIONAL COMMODITY INDEX UCITS ETF
10024,Inve steringsforeningen Carne. Wealth Management - Akktier Institutionel,Investeringsforeningen Carnegie Wealth Management - Globale Aktier Institutionel
32126,Mainzer Wiss enschaftsstiftung,Mainzer Wissenschaftsstiftung
75892,Beae HKS,Beate und Helmut Kniel Stiftung
62210,MEALS PE,METALS EXPLORATION PLC
22509,Agrargenossenschaft e.G. Kirchheilingen,Agrargenossenschaft e.G. Kirchheilingen
81773,"Lazard Reti. Series, Inc. - Lazard Reti. US Small Cap Equity Growth Portfolio","Lazard Retirement Series, Inc. - Lazard Retirement US Small Cap Equity Growth Portfolio"
66412,E SBD GmbH S.P.A.,Solvay Bario E Derivati S.P.A.
79709,HFL,HALCYON FINANCE LIMITED
87233,GILABERT SORRIBES S.L.,TALLERES GILABERT SORRIBES S.L.
77492,Elquin Beheer Inc B.V.,Elquin Beheer B.V.
24597,Wittmann Battenfeld GmbH & Co KG,Wittmann Battenfeld GmbH & Co KG
85927,LF Indigo LLC,LF Indigo LLC
42521,ODS B.V.,ODS B.V.
39030,Tnhe Vanta. Funds - Vanta. Model Portfolio Traditional Growth Fund,The Vantagepoint Funds - Vantagepoint Model Portfolio Traditional Growth Fund
96701,Fisalge Ltd GF,Fislage Flexibles GmbH
41980,AB Nygår. nIc,AB Nygårdsvænget
3095,AUTOTRASPORTI TOFFOLO Holdings DI TOFFOLO Holdings ANTONIO & C. S.N.C.,AUTOTRASPORTI TOFFOLO DI TOFFOLO ANTONIO & C. S.N.C.
27890,Allianz Internatwionaler Rentenfonds,Allianz Internationaler Rentenfonds
25679,Sheph. Widnes Ltd.,Shepherd Widnes Ltd.
59694,PPH erson Rysz. Trust,PPH Kerson Ryszard Kierkicz
21783,Ecjolab Akti.,Ecolab Aktiebolag
68562,A PEARSON Holdings HOLDINGS LTD,A PEARSON HOLDINGS LTD
78243,Ejner Rask,Ejner Rask
46782,AUDENTIA CAPITAL II PLC - GLOBALquality EDGE FUND,AUDENTIA CAPITAL SICAV II PLC - GLOBAL QUALITY EDGE FUND
86617,4000-SF1 AS LLC,AP3-SF1 4000 Shoreline LLC
16223,GAM Multibond - IME Linked fond Pool (USD),GAM Multibond - Emerging Markets Inflation Linked Bond Pool (USD)
67361,Teres Commo. Suisse Trust SA,Tereos Commodities Suisse SA
57499,RUBICON FUND MANAG EMENT (JERSEY) LIMITED,RUBICON FUND MANAGEMENT (JERSEY) LIMITED
9809,Comités de gestion rd Régimes de rd cadres et rd employés syndiqués Fund de la Ccommunauté urbaine de Montréal,Comités de gestion des Régimes de retraite des cadres et des employés syndiqués de la Communauté urbaine de Montréal
89340,Intermediate CAPF 2008 Limited Partnership,Intermediate Capital Asia Pacific Fund 2008 Limited Partnership
59234,"Marine Street, LLC","Marine Street, L.L.C."
74234,"SANCEL 97, S.L.","SANCEL 97, S.L."
3517,Ourea Behneer B.V.,Ourea Beheer B.V.
22076,Cornwall (Luxembourg) S.à r.l.,Cornwall (Luxembourg) S.à r.l.
30090,TREE PORT LTD,TREEPORT LTD
63889,Yessian Musicinc.,Yessian Music Inc.
49765,Glitzeria.de GmbH,Glitzeria.de GmbH
73605,INFRASTRUCTURE BILF INGER SPÓŁKAakcyjna LLC,BILFINGER INFRASTRUCTURE SPÓŁKA AKCYJNA
78561,"SDE2 Fund, FI","SANTANDER DUO EUROPA 2018, FI"
82133,TjCNOELECTRA S.R.L.,TECNOELECTRA S.R.L.
64147,Jahepema B.V.,Jahepema B.V.
82503,"Candy People, LLC","Candy People, LLC"
43068,Danske Invest SEHY Bond,Danske Invest SICAV - Euro High Yield Bond
87572,GLOBAL RUSHTON MARKET NEUT.,RUSHTON GLOBAL MARKET NEUTRAL FUND
45735,Unipex Benelux SA/NV,Unipex Benelux SA/NV
69704,BTO Holdi. 1 L.P,BTO Holdings 1 L.P
36713,unamprogetti Netherlands B.V.,Snamprogetti Netherlands B.V.
24508,Ambika Cotton Mills Limited,Ambika Cotton Mills Limited
96773,MUTUpELLES NICOLAS,MUTUELLES NICOLAS
73520,Jersey CLC Fund,Jersey Central Power & Light Company
22382,"LLC LIMITED CC, Inte rstate","Interstate Commerce Center, LLC"
92411,Suisse Metco,Metco Suisse GmbH
40357,Weinstein Beverage Co.,Weinstein Beverage Co.
7571,"ESDESLA Hold., SL","ESDESLA, S.L."
77412,9190 Family Ricci Trust,1990 Ricci Family Trust
16582,LC RESIDUE,LORD CRATHORNE - JLD RESIDUE
5303,El Immobilario Limited B.V.,El Immobilario B.V.
71987,Auning Borgerforning,Auning Borgerforening
37932,degewo 6. Wohnen GmbH & Co. KG,degewo 6. Wohnen GmbH & Co. KG
46582,LBBW AM-1325,LBBW AM-1235
82789,"NAVOS, a.s.","NAVOS, a.s."
38994,THALES SAS AEROP. SYSTE MES,THALES SYSTEMES AEROPORTES SAS
2238,M Grieco Realty LLC,M Grieco Realty LLC
63566,Assets Distressed Fundusz Zamkn ięty Aktywów Niepublicznych,Distressed Assets Fundusz Inwestycyjny Zamknięty Aktywów Niepublicznych
2209,ING S.R.L.,ING S.R.L.
34276,"LLC Realty, TLC","TLC Realty, LLC"
99155,Stiftungfür christliche Wertebildnug,Stiftung für christliche Wertebildung
92242,UNION Holdings iCONV ICTIONS,UNION CONVICTIONS
67452,Natick Cross ing Corp.,Natick Crossing Corp.
29809,"MRP Hotel SICAV Prop., LLC","MRP Hotel Property, LLC"
8179,ASW,AllianzGI-Fonds Stiftungsfonds Wissenschaft
86209,MCI,III Capital Management
55935,Dyrø GmbH Sag & Trela stforretning AS,Dyrø Sag & Trelastforretning AS
94187,PB 2 SPÓŁKA Holding Z OGRANICZONĄ ODPOWIEDZIALNOŚCIĄ SPÓŁKA Holding KOMANDYTOWO-AKCYJNA,PB 2 SPÓŁKA Z OGRANICZONĄ ODPOWIEDZIALNOŚCIĄ SPÓŁKA KOMANDYTOWO-AKCYJNA
31332,Stichting Global Jannetje Gorissen,Stichting Jannetje Gorissen
85936,Halcyon Loan Fund II Master LP,Halcyon Senior Loan Fund II Master LP
70816,2015 FUNDSaustria - GLOBAL EMERGING MARKETS GARANTIE 5/PIONEER USD,PIONEER FUNDS AUSTRIA - GLOBAL EMERGING MARKETS GARANTIE 5/2015 USD
30717,"Fochs. South, L.P.","Foch Street South, L.P."
36508,vTHJO. AS,THJOEMOEEKRANEN AS
38789,"SFX, LLC","STR Fund XIX, LLC"
31914,BECKWITH Investment LIMITEDretail,BECKWITH RETAIL LIMITED
40259,Ad Lib nvest AB,Ad Lib Invest AB
10997,dHörge rätegmbh Weiss,Hörgeräte Weiss GmbH
82415,MITyRE PASSAGEtrustee LIMITED,MITRE PASSAGE TRUSTEE LIMITED
77035,RENANIA TRADE SRL Limited,RENANIA TRADE SRL
1861,Non-US Equity Managers: Portfolio 3 LLC,Non-US Equity Managers: Portfolio 3 LLC
32101,MCT HOgLD INGfrance,MCT HOLDING FRANCE
15288,MOTUNAO Capital,MOTUNAO
18711,AFS Company LIMITED,AFS LIMITED
77998,LIMITED INVE STMENTSiton,IFTON INVESTMENTS LIMITED
93831,"Prefe rred Credit, Inc.","Preferred Credit, Inc."
22152,DPPP Holding,Deutsche Postbank Protekt Plus
13686,Es Towrrent Beheer B.V.,Es Torrent Beheer B.V.
55560,SORPO. Trust,SOPROCOS
73935,Kiinteistö Oy Vantaan Teknikontien Leko 7,Kiinteistö Oy Vantaan Teknikontien Leko 7
63831,Binco B.V.,Binco B.V.
71544,Breit. mGbH,Breitenbach GmbH
26716,"Hotel Capital HCHp artners, LP","CHH Capital Hotel Partners, LP"
93551,CHAR GING BULL ASSET MANAGEMENT,CHARGING BULL ASSET MANAGEMENT
38177,FDC RESS.,FDC RESSOURCES NATURELLES
82432,Anfisco OÜ,Anfisco OÜ
38568,Schobervermögensverwaltungs Inc pmbH,Schober Vermögensverwaltungs GmbH
58756,P.H.C. Vand runen Holding B.V.,P.H.C. Van Drunen Holding B.V.
30004,BIaC AYNE SICAV IL,BISCAYNE INVESTOR LLC
14351,PANTA & PYRO TECHNIK Ltd s.r.o.,PANTA & PYROTECHNIK s.r.o.
68424,PRIMO PIERRE,PRIMOPIERRE
12649,Templetonemerging Fund Markeps,Templeton Emerging Markets Fund
78939,Pekono GmbH Holding BV,Pekono Holding B.V.
38509,Fide lity Alpha Funds - SharpeR Europ.,Fidelity Alpha Funds - SharpeR Europe Pool
80909,Central Fund Ohio Surgi. LLC,"Central Ohio Surgical Institute, LLC"
15342,Hotel Turmwirt Trust Besit.. GbR,Hotel Turmwirt Besitzges. GbR
88810,The Alka. Water Company Inc.,The Alkaline Water Company Inc.
31038,Stadtbau Funds GmbHbamberg,Stadtbau GmbH Bamberg
66213,"Power Systems LLC Funds., FMG","Power Systems MFG., LLC"
25942,Taunus Trust II - Select Ceres,Taunus Trust II - Select Ceres
81055,Private Marke tsfund I LP,Private Markets Fund I LP
4822,Management Trade SICAV Media B.V.,Management Media Trade B.V.
79529,AVIO GmbH Capital & Co KG,AVVIO GmbH & Co KG
50198,PIONEER STRUCTURED SOLUTION FUND - PIONEER UNICREDIT A FORMULA 95 – EUROPA SETTEMBRE 2019,PIONEER STRUCTURED SOLUTION FUND - PIONEER UNICREDIT A FORMULA 95 – EUROPA SETTEMBRE 2019
42777,The Timothy Global Plan - High Yield Bond Fund,The Timothy Plan - High Yield Bond Fund
72378,MJM uLLC,JTM-MJM LLC
89718,PqREL,PEER REAL ESTATE LIMITED
73574,Supe rfund Equity Gold SPC Master,Superfund Green Gold Master SPC
24533,Life UFND P2,Life Path 2057
40052,KELMARSH PROP ERTIES,KELMARSH PROPERTIES
68235,GEM WIND FARM 4 LIMITED,GEM WIND FARM 4 LIMITED
71738,HELMUT FELDTMANN GmbH,HELMUT FELDTMANN GmbH
78540,TILLY SICAV SARL,TILLY SARL
1820,COOKMAN COMMUNITY DEVELOPMENT URBAN,COOKMAN COMMUNITY DEVELOPMENT URBAN
69348,LESZNO RETAIL SPÓŁKA Z OGRA NICZONĄ ODPOWIEDZIALNOŚCIĄ,LESZNO RETAIL SPÓŁKA Z OGRANICZONĄ ODPOWIEDZIALNOŚCIĄ
22023,International Thornburg Equity uFnd,Thornburg International Equity Fund
99572,AGI Berhad (Mlaa ysia) Company,Allianz General Insurance Company (Malaysia) Berhad
67262,COOPTIM Trust Ipari Korlátoltfelelősségü Társaság,COOPTIM Ipari Korlátolt Felelősségü Társaság
79358,MR & A S I MZpS2,MR & MRS A S I ZINOBER SETTLEMENT 2013
970,Lavian Global Osuuspankki,Lavian Osuuspankki
24771,886381 Ontario,886381 Ontario Inc.
48468,P-Multitech BVBA,P-Multitech BVBA
55116,BOURBON 10,BOURBON 10
69386,"XARM ANGARRI, S.L.","XARMANGARRI, S.L."
39961,IL DI GABRIELE RbM & C. SAS,IL SARACENO DI RUM GABRIELE & C. S.A.S.
21334,Stonellc Eagle,Stone Eagle LLC
61743,CREF Funds,TIAA-CREF Funds
63264,BMOeuropean rnc Fund,BMO European Fund
5227,VdLSA,VALSA
95494,"Lafitte Cork & Inc Fund, Capsole.","Lafitte Cork & Capsule, Inc."
73208,SPuR® Index Shares Funds - SPuR® S&P Global Infrastructure ETF,SPDR® Index Shares Funds - SPDR® S&P Global Infrastructure ETF
43518,"Ante. SC, RL","Antelope Riverside SC, LLC"
98213,TDP. TLD.,TAMRA DHATU UDYOG PVT. LTD.
28929,ULAB Aktieboilag,ULAB Aktiebolag
32984,Produ. SA,Produweb SA
89704,THE HON W S APUL LIMITED 2007 SETTLEMENT FOR LUCAS PEASE APUL LIMITED,THE HON W S PEASE 2007 SETTLEMENT FOR LUCAS PAUL PEASE
14979,MIBO Holding LLC B.V.,MIBO Holding B.V.
18992,SCI CALICEO BRUGES,SCI CALICEO BRUGES
80124,Dr. MMH  In de Braekt Beheer BV,Dr. M.M.H. In de Braekt Beheer B.V.
88194,CRanbrook SA,CRanbrook S.A.
31651,Aviante Stiftung Holdings,Aviante Stiftung
77518,MISS BRAND HAMPTONS SL,MISS HAMPTONS BRAND SL
89458,HI Tbps elect W,HI Topselect W
19555,Volkergmbh Rasehorn & Co.,Volker Rasehorn GmbH & Co.
55158,Cycle & Carr. France Pte Limited,Cycle & Carriage France Pte Limited
52571,oLng. RT,Longview Residence Trust
14317,Beach Point Multistrategy Holding Credit Offshore Fund (Ltd.,Beach Point Multi-Strategy Credit Offshore Fund (USD) Ltd.
1299,IPDB LLC BV,IPDB B.V.
62060,"Spectarl Response, LLC","Spectral Response, LLC"
95560,SBF Investmentsllc,"SBF Investments, LLC"
23179,vER SRL,TER S.R.L.
84312,FELTON WEALTH TLD MANAGEMENT,FELTON WEALTH MANAGEMENT LTD
28524,"RWRS, LLC","RWRS, LLC"
54535,Schr. International Choice Portfolio - Schr. Global High Yield Fund,Schroder International Choice Portfolio - Schroder Global High Yield Fund
34826,Atlas IX DaC,Atlas IX Capital DAC
31318,PROYE. TRANQUILIDAD FP,FONDO PROYECTA TRANQUILIDAD FP
12103,Pollmeier Furn. GmbH,Pollmeier Furnierwerkstoffe GmbH
46352,"Partnebs Inves. Octagon VIII, Ltd SICAV.","Octagon Investment Partners VIII, Ltd."
6788,"ACS LLC, S.A.","ANCORA CONDAL, SICAV, S.A."
59314,Der Vries Beheer B.V.,Der Vries Beheer B.V.
88978,"LLC Term inals USA, Maher","Maher Terminals USA, LLC"
18830,iMA,inprimo MittelstandsRenten AMI
51621,SK Maskinudlejning ApS,S K Maskinudlejning ApS
92956,Boumeester Stichting Inter national,Boumeester Stichting
88106,TPS RTEA.,TESCO TREASURY SERVICES PLC
59933,Flem. Fond,Flemming Christensens Fond
11053,NPK Trading SA,NPK Trading S.A.
60566,A 58,A 58
13281,LLC's Osai snagel,Nagel's Oasis LLC
43222,"STG/Nacsh, LLC","STG/Nash, LLC"
1070,Corilus SA/NV,Corilus SA/NV
92015,EDL AQUAL. VASTO S.R.L.,AQUALAND DEL VASTO S.R.L.
9211,L.H. de Rooij,L.H. de Rooij
80250,BENELUX PART. GO BV,BENELUX INDUSTRIAL PARTNERS GERMAN PROPCO ONE B.V.
7432,STAR Capital EURPOE,STAR MIRABEAU EUROPE
24974,"Kids II, nIc.","Kids II, Inc."
24651,Rock 55 OBS Property Unit Trust,Rock 55 OBS Property Unit Trust
79395,Maxrecovery SICAV Limited,Max Recovery Limited
25149,"Blanton Global Partnership, Farms","Blanton Farms, Partnership"
64454,Klingelnberg GmbH.,Klingelnberg GmbH.
76794,THE JEAN Inc SHELDON RICH. TRUST,THE JEAN SHELDON RICHARDS WILL TRUST
7340,"Allrgan, Inc.","Allergan, Inc."
55350,"SL CV Fund Limited, L.P.","Canyon-SL Value Fund, L.P."
26111,Basell GmbH Inc,Basell Polyolefine GmbH
71467,Interstuhl Büromöbelgmbh & Co. KG,Interstuhl Büromöbel GmbH & Co. KG
30300,OÜ Estectus,OÜ Estectus
18948,DF trans. Inc s.r.o.,DF transport s.r.o.
47806,Multi Units Luxembourg - Lyxor EUROMTS 3-5Y Inve. Grade (DR) UITS ETF,Multi Units Luxembourg - Lyxor EUROMTS 3-5Y Investment Grade (DR) UCITS ETF
50068,BB-Wertpapier-Vlerw. mbH,BB-Wertpapier-Verwaltungsgesellschaft mbH
77874,"IMAGIC VISION, S.L.","IMAGIC VISION, S.L."
8719,KUXABANK ASEGURADORA COMPAÑIA DE Y REASA,KUTXABANK ASEGURADORA COMPAÑIA DE SEGUROS Y REASEGUROS SA
12642,Senior Services SPRL,Senior Services SPRL
50949,AF Bygg Capital Göteb. AB,AF Bygg Göteborg AB
63086,BRE Global-BMR Black fan Mezz A iLLC,BRE-BMR Blackfan Mezz A LLC
57294,J. Groot Beheer GmbH BV,J. Groot Beheer B.V.
9194,Howard De Retirement Benefit Scheme,Howard De Walden Retirement Benefit Scheme
80870,BOXEN INVEST Inc A/S,BOXEN INVEST A/S
23935,Frisia Agroindustrial Cooperativa,Frisia Cooperativa Agroindustrial
62453,Kidde Holding Brand schutz GmH,Kidde Brandschutz GmbH
81245,Vlietrust Holding GmbH BV,Vlietrust Holding B.V.
35806,Coronation Fund Unive. - Coronation Redwood Unive.,Coronation Universal Fund - Coronation Redwood Fund
33747,"Premiere Global Services, Inc.","Premiere Global Services, Inc."
19130,Kapitalforeningen Bankinvest - Optima Trust 10 KL,Kapitalforeningen Bankinvest - Optima 10 KL
29250,GMM ALFA LIMITED,GMM ALFA
20187,DISTILLERIE DE LA TOUR,DISTILLERIE DE LA TOUR
24602,Sarasin & Partners LLP,Sarasin & Partners LLP
59476,M MARTIN LIMITED NO 1 TRUST,M MARTIN NO 1 TRUST
56235,"Appvion LLC, Inc.","Appvion, Inc."
93421,Techn. Trust Limited,Gamble Technologies Limited
71367,"Exeter LLC Wilson Trust Business, 1025","Exeter 1025 Wilson Business, LLC"
4206,PSOM Fund LLC,Pine River Special Opportunities Operating Master Fund LLC
6280,Woodl and Court FUND LLC,Woodland Court LLC
62976,GLEN DIMPLEX GROUP PENSION SCHEME,GLEN DIMPLEX GROUP PENSION SCHEME
9943,"Caja Laboral Rendimiento VIII Fijo, Fondo de Pensiones","Caja Laboral Rendimiento Fijo VIII, Fondo de Pensiones"
99341,Amundi HK Amundi HK - New Holding Generation Asia Pacific Equity Divi. Fund,Amundi HK Portfolios - Amundi HK - New Generation Asia Pacific Equity Dividend Fund
74652,BlackRock California Municipal Income Trust,BlackRock California Municipal Income Trust
81235,Mitsubishi Corp oration,Mitsubishi Corporation
29565,Wells of FBDT Establishing Investment Funds for LLC Employee Benefit FBDTs - Wells Core Bond II CIT,Wells Fargo Bank Declaration of Trust Establishing Investment Funds for Employee Benefit Trusts - Wells Fargo Core Bond II CIT
79923,MMIU Trust Dwomaines.,Maisons Marques & Domaines USA Inc.
94607,Claes Beheer B.V.,Claes Beheer B.V.
26276,UCITS SICAV - Multi Asset Trend Fund,Fulcrum UCITS SICAV - Fulcrum Multi Asset Trend Fund
33490,SPAENSI SICAV S.P.A.,SPANESI S.P.A.
97252,Nivalis Holding B.V.,Nivalis Holding B.V.
3831,BKC Renta - Accents 1,KBC Renta - Strategic Accents 1
87960,och P.J. Jonsson Aktiebolaget Söner,Aktiebolaget P.J. Jonsson och Söner
67057,BASSO - S.R.L.,BASSO - S.R.L.
39814,Generaldynamics European Holdings Land Systems SL,General Dynamics European Land Systems SL
37372,K 64,K 64
22069,"IC BP III Holdi ngs XVI, LLC Holding","IC BP III Holdings XVI, LLC"
9054,tTTI S.P.A.,ATTI S.P.A.
28810,ETABLISSEMENTS H. CORMIER,ETABLISSEMENTS H. CORMIER
47723,Funda. de FLA,Fundación Amalia Lacroze de Fortabat
70886,BNK OF CEYLON (UK) LIMITED,BANK OF CEYLON (UK) LIMITED
28698,Vlaeynatie International S.A.,Vlaeynatie International S.A.
39110,Ed Mirvish EL,Ed Mirvish Enterprises Limited
62281,ROLI ApS,ROLI ApS
81419,"VIAJERO DE ORO,S.L","VIAJERO DE ORO,S.L"
46977,York of Newcity Inte rnational,City of New York
92068,SELA LEGNI S.R.L.,SELA LEGNI S.R.L.
68843,"ING DIRECT 1, FP","ING DIRECT 1, FP"
33864,UqICALCE S.P.A.,UNICALCE S.P.A.
316,EMME CI GI SRL,EMME CI GI SRL
376,Nalpakconsulting LLC,Nalpak Consulting LLC
69647,Perlia Aktiebolag SICAV,Perlia Aktiebolag
55884,Aldebaran LIMITED Global FL.,Aldebaran Global Strategy Fund Ltd.
68458,RPM Single - SCS Portfolio Inc,RPM SPC - Single CTA Segregated Portfolio
68915,Shinsaibashi Twinstmk,Shinsaibashi Twins TMK
54421,B.W. Guild Equipmentinc.,B.W. Guild Equipment Inc.
11171,INTRAWARE INVESTMENTS PUBLIC LTD,INTRAWARE INVESTMENTS PUBLIC LTD
27434,HS Interactive sro,HS Interactive s.r.o.
81631,"Partn. SBS, LP","Centerbridge Capital Partners SBS, L.P."
38113,APPROVERT - ETS GmbH BERGERET,APPROVERT - ETS BERGERET
34498,PB Gilbert 1962 Sett. - Emily's Fund,PB Gilbert 1962 Settlement - Emily's Fund
10346,SIMI Ltd GIORGIO,SIMI GIORGIO
73831,"""Reinh. Hornung GmbH""","""Reinhold Hornung GmbH"""
63561,MIROVA Investment,MIROVA
50552,SG  IMPEX INC,S.G. IMPEX INC
67033,"Madison Precision Prod ucts, Inc Fund.","Madison Precision Products, Inc."
17298,at AP Creek Holdings LLC,Alexander at Patroon Creek LLC
72183,"Argent Court LLC of Pleas., LLC","Argent Court of Pleasanton, LLC"
32550,Behe. an B.V.,Van Teijlingen Beheer B.V.
61262,"Bridge Company Holding Creek, LLC","Bridge Creek Holding Company, LLC"
20812,FIREMARK TLD,FIREMARK LTD
10510,"Tekro Trust, spol. s r.o.","Tekro, spol. s r.o."
29034,Norma - Norbert Mąkowski,Norma - Norbert Mąkowski
87965,TRqST C OM,MISS C ORMOND TRUST
69331,"Applied Holding Materials, ","Applied Materials, Inc."
90150,"""kDoc"" Info rmatik GmbH","""kDoc"" Informatik GmbH"
92287,VOLUT. GROUPplc FUND,VOLUTION GROUP PLC
16717,SRL Equity' MORENOcaffe,CAFFE' MORENO SRL
16272,nRITISH-AMERICAN TOBACCO MARKETING (SINGA.) PRIVATE LIMITED,BRITISH-AMERICAN TOBACCO MARKETING (SINGAPORE) PRIVATE LIMITED
62403,MC 3 SRL,MC 3 S.R.L.
98863,"VIA CORSO, SL","VIA CORSO, S.L."
88605,SAB HELI S.R.L.,SAB HELI DIVISION S.R.L.
32206,Sprkasse TRUST Meißner-Werra,Sparkasse Werra-Meißner
25264,The Credit aVlley Golf and Coun.,The Credit Valley Golf and Country Club
78670,TALENCE SICtAV EUROMIDCAP,TALENCE EUROMIDCAP
33832,"222 Lakeview Inves., LLC","222 Lakeview Investors, LLC"
66445,Bath roombubbles Limited,Bathroom Bubbles Limited
65228,The Police Union Limited,The Police Credit Union Limited
98481,SVILUPPO CENTROostiense SRL,SVILUPPO CENTRO OSTIENSE SRL
35976,Minera Hold. Antucoya,Minera Antucoya
89968,EFFEPILUX SICAV - AZIONARIO,EFFEPILUX SICAV - AZIONARIO
29318,axel och Margaret Equity Ax:sJsv,Axel och Margaret Ax:son Johnsons stiftelse för vetenskap
97897,CSE Cred itfederal Union,CSE Federal Credit Union
64160,Agro Investment Synenta,Syngenta Agro SRL
20298,KP Investholding ApS,KP Invest Holding ApS
26035,"C.S. of Fargo TRtST, L.P.","C.S. of Fargo, L.P."
388,BIOFL. S.R.L. AGRIC OLA,BIOFLORA S.R.L. SOCIETA' AGRICOLA
11753,GRUPPO SOCIETA' ARTI GIANATO (*G.S.A.) - S.R.L.,GRUPPO SOCIETA' ARTIGIANATO (*G.S.A.) - S.R.L.
24682,FROST GmbH LIIMTED,FROST INTERNATIONAL LIMITED
92042,THE ORWLAND ST OSWALD 1984charitable SETTLEMENT,THE ROWLAND ST OSWALD 1984 CHARITABLE SETTLEMENT
48066,Templeton Investment Franklins - European Income Franklin,Franklin Templeton Investment Funds - Franklin European Income Fund
22007,"Coastal International Secu rity, Inc.","Coastal International Security, Inc."
15570,NAPIER CAPITAL LC NO. 5 LP,NAPIER CAPITAL NO. 5 LP
48523,WH DISC RETIONARYbeale SETTLEMENT,W H BEALE DISCRETIONARY SETTLEMENT
67955,LLC Credit IBM,IBM Credit LLC
56402,"Ye Family Investments, LC","Ye Family Investments, LLC"
30519,Stfitung Gion,Stiftung Gion
91629,Wolfen Folienwerk LIMITED,Folienwerk Wolfen GmbH
65475,PORTHVAN ENTERPRISES LIMITED NO 2 PENS.,PORTHVAN ENTERPRISES LIMITED NO 2 PENSION SCHEME
54416,Novartis UK Pensi onscheme,Novartis UK Pension Scheme
70302,"Silverpeak Legacy Capital Partners ImI, L.P.","Silverpeak Legacy Capital Partners III, L.P."
1883,"KEA LLC, Properties","KEA Properties, LLC"
47003,DELPH. LIMITED,DELPHINI LIMITED
36578,Pensionskasse für die Angestellten der BE VVaG,Pensionskasse für die Angestellten der BARMER Ersatzkasse VVaG
14684,ST. JAMES'S EQUITY GLOBAL PLACE IUT,ST. JAMES'S PLACE GLOBAL EQUITY INCOME UNIT TRUST
61025,Euriz. 3 AA,Eurizon Rendimento Assoluto 3 Anni
56838,SL,Seafolly Pty. Limited
13200,Inter. Lease,International Lease LLC
47853,Quafis Capital BV,Quafis B.V.
29452,Verwahvb 1 GmbH Global,HVB Verwa 1 GmbH
96567,"Tomel Machine Tool Services, LLC","Tomel Machine Tool Services, LLC"
72730,SHER LIMITED Holding,ODEON ESHER LIMITED
73785,Kenner GmbH,Kenner GmbH
39448,North Range Behav ioral Health,North Range Behavioral Health
97512,Century of Georgia,Century Bank of Georgia
56871,IMSALES GmbH GmbH,IMSALES GmbH
96645,"Bayview Advance Receivables Trust 2014-1, LLC","Bayview Advance Receivables Trust 2014-1, LLC"
47631,"Woodcliff LIMITED eManor, L.L.C.","Woodcliff Lake Manor, L.L.C."
42878,Canyon Distressed Oppor. Master GmbH L.P.,"Canyon Distressed Opportunity Master Fund, L.P."
24788,SC GSA,Gemayel Alain SC SPRL
17768,PAME-Traded Fund Trust - Multi-Stra tegy Alternative Port.,PowerShares Actively Managed Exchange-Traded Fund Trust - PowerShares Multi-Strategy Alternative Portfolio
70719,Venture VII GmbH CL,Venture VII CDO Limited
5649,AB Bewindvoeing B.V.,AB Bewindvoering B.V.
61325,"Whitgro, nIc.","Whitgro, Inc."
56535,yaddle Rock SD No. 4,Saddle Rock South Metropolitan District No. 4
22775,GmbH Holding Widtmer,Wittmer Holding GmbH
87013,WC,Sunny Way Management Corp
91829,"Johnson Screens, Inc.","Johnson Screens, Inc."
17680,Sonae Limited Inves tments B.V.,Sonae Investments B.V.
16918,AWFE 10 + LT,AXA WORLD FUNDS - EURO 10 + LT
85388,Frankenmuth Credit Union,Frankenmuth Credit Union
15986,Frontera Capitallimited,Frontera Capital Limited
89815,BAML,BLACKBROOK ASSET MANAGEMENT LTD
